date,race_no,race_name,pred_umaban,pred_horse,pred_odds,win_prob_top,prob_gap,win_profile,exotic_profile,skip_reason,model_ev,win_hit,place_hit,hypothetical_place_return_yen
20260409,10,B2,3,リリーオブザハート,5.4,0.9451953532231044,0.9003404677113656,荒,荒,upset_profile,5.104054907404764,FALSE,TRUE,0
20260617,4,蒲江7ハロン3歳C2,5,エイシンリーパー,3.6,0.9825701873355784,0.9765684254164346,荒,荒,upset_profile,3.5372526744080823,FALSE,TRUE,120
20260618,6,3歳C2,9,ナンチャッテセレブ,3.9,0.8926435024840145,0.831129031643524,荒,荒,upset_profile,3.4813096596876565,FALSE,FALSE,0
20260421,11,穀雨特別A1A2,2,エイシンレジューム,3.8,0.854720885691796,0.7419088381104167,荒,荒,upset_profile,3.2479393656288247,FALSE,TRUE,160
20260612,3,C3三,2,サンライズグレート,3.4,0.9496018806410924,0.9006276044502186,荒,荒,upset_profile,3.228646394179714,FALSE,TRUE,120
20260604,3,C3一,7,ラスアルハイマ,3.6,0.8845607515631171,0.8006290729454786,荒,荒,upset_profile,3.1844187056272215,FALSE,TRUE,150
20260617,12,C2一,10,リアンソリッド,3.2,0.9926777561829312,0.9894838012150048,荒,荒,upset_profile,3.17656881978538,FALSE,FALSE,0
20260430,2,C3二,8,ニシノウインド,3.2,0.9910201452587224,0.9846352523303488,荒,荒,upset_profile,3.171264464827912,FALSE,FALSE,0
20260114,12,ヒナギク賞C1,4,ニシノベニトアイト,3.2,0.9802683103327782,0.9656862726863972,荒,荒,upset_profile,3.1368585930648902,FALSE,FALSE,0
20260407,6,C2三,5,スマートカナートス,3.2,0.9698838299345076,0.9460437262961916,荒,荒,upset_profile,3.1036282557904245,FALSE,FALSE,0
20260408,5,黍田町8.5ハロンC3,9,ジュンオーズ,3.6,0.8596345856603852,0.7542139952368394,荒,荒,upset_profile,3.094684508377387,FALSE,TRUE,140
20260428,5,倭文高ダッシュC3二,1,ラッピングボックス,3.1,0.9966463715973056,0.9944566501048006,荒,荒,upset_profile,3.0896037519516475,TRUE,TRUE,140
20260317,12,つくし賞C3一,2,テクノエクスプレス,3.1,0.9793887470191034,0.9686391445226707,荒,荒,upset_profile,3.0361051157592205,FALSE,FALSE,0
20260108,9,C2一,9,ルヴァロワール,3.1,0.9724299628890004,0.9518820001925328,荒,荒,upset_profile,3.0145328849559014,FALSE,TRUE,120
20260325,4,越水町ダッシュC3一,8,リベリューラ,3.3,0.9115100091525866,0.8609627088837468,荒,荒,upset_profile,3.0079830302035355,FALSE,FALSE,0
20260423,7,C2一,5,ビカムキング,3.1,0.9548262808963844,0.9279957856755298,荒,荒,upset_profile,2.959961470778792,FALSE,TRUE,100
20260407,1,C3二,7,フロストシティ,3.2,0.9050848265572052,0.8297937561404176,荒,荒,upset_profile,2.896271444983057,FALSE,TRUE,130
20260617,1,C3二,5,テクノエクスプレス,3.1,0.9254918728341258,0.8745689103297646,荒,荒,upset_profile,2.86902480578579,TRUE,TRUE,130
20260331,5,SKNフラッシュ8&DASHーpayマン(C2),9,キクノクライフ,3,0.9494220322319156,0.926032989599784,荒,荒,upset_profile,2.8482660966957467,FALSE,FALSE,0
20260430,6,C2一,12,エナドライブ,3,0.945401777331044,0.905402107195706,荒,荒,upset_profile,2.836205331993132,FALSE,TRUE,140
20260318,6,C2一,6,イッツマイビジネス,3.2,0.8821993046217682,0.7854040685950552,荒,荒,upset_profile,2.8230377747896584,TRUE,TRUE,200
20260520,5,貸潮7ハロンC2二,2,テイケイヴィーノ,3.1,0.9026530760608472,0.8493016276331069,荒,荒,upset_profile,2.7982245357886266,TRUE,TRUE,120
20260331,3,C3二,2,ヒャクモノガタリ,3,0.8979090793726072,0.8455773471621305,荒,荒,upset_profile,2.6937272381178214,FALSE,TRUE,120
20260108,4,猿尾滝ダッシュC3二,1,ミントジュレップ,3.1,0.8608731878433941,0.7764632811017651,荒,荒,upset_profile,2.6687068823145217,TRUE,TRUE,130
20260324,5,ひめたんお誕生日おめでとう賞3歳C1,10,ナムラパピ,2.9,0.8871440069385929,0.8189430496131945,荒,荒,upset_profile,2.572717620121919,TRUE,TRUE,140
20260422,10,3歳C1,11,サンシンメフレール,2.6,0.987481613529784,0.976389395462164,荒,荒,upset_profile,2.5674521951774385,FALSE,FALSE,0
20260605,1,C3,12,バチェロレックス,2.5,0.9978414967303574,0.9957986303807412,荒,荒,upset_profile,2.4946037418258933,FALSE,TRUE,110
20260527,6,C2一,12,フィオリーノ,2.4,0.9733259893901762,0.9479350377822972,荒,荒,upset_profile,2.3359823745364228,TRUE,TRUE,110
20260325,3,C3二,10,ユウバエ,2.2,0.9890331154957333,0.9781943423019266,荒,荒,upset_profile,2.1758728540906134,FALSE,TRUE,110
20260114,6,C2一,9,アフリカンリリー,2.4,0.8809908987531381,0.8014936772635721,荒,荒,upset_profile,2.1143781570075313,FALSE,FALSE,0
20260520,12,C1,12,ジューンコメット,2.1,0.9968834647075692,0.9948262059063084,荒,荒,upset_profile,2.0934552758858955,TRUE,TRUE,120
20260520,6,C2一,2,エズヴィラージュ,2.1,0.9775238279280994,0.9552053572346836,荒,荒,upset_profile,2.052800038649009,FALSE,FALSE,0
20260414,12,モクレン賞C1,11,クレスコユウシャ,2.1,0.976467346778843,0.9540982909213171,荒,荒,upset_profile,2.0505814282355703,TRUE,TRUE,110
20260514,11,のじぎく賞重賞,4,ティーズセラフ,2,0.9830500673901128,0.976159409262652,荒,荒,upset_profile,1.9661001347802256,FALSE,TRUE,100
20260318,4,美味しくて×5 奈良の乳製品でございます(C2),6,トシクン,2.2,0.8722699123488828,0.7847624993769975,荒,荒,upset_profile,1.9189938071675423,FALSE,TRUE,100
20260414,4,香合新田ダッシュC3,11,ヴェルサイユドール,2,0.931027508778762,0.8769670563983262,荒,荒,upset_profile,1.862055017557524,FALSE,FALSE,0
20260603,12,ナデシコ賞C2一,12,グランサントル,2,0.922043876180499,0.8447268873038051,荒,荒,upset_profile,1.844087752360998,FALSE,TRUE,150
20260603,9,C2一,10,クリノエニシ,2.1,0.8774189449072827,0.7885597213316156,荒,堅,upset_profile,1.8425797843052938,FALSE,FALSE,0
20260115,1,C3三,11,クリノビックリバゴ,1.8,0.9998926510292692,0.9997917904121468,荒,荒,upset_profile,1.7998067718526845,FALSE,FALSE,0
20260401,9,C2一,2,カワキタボーダレス,1.8,0.9995717362429618,0.999404651450412,荒,荒,upset_profile,1.7992291252373314,FALSE,FALSE,0
20260115,5,ネコニスズ☆来場記念2ndC3,10,スマルト,1.8,0.9991741606658858,0.9984723958916206,荒,荒,upset_profile,1.7985134891985946,FALSE,TRUE,110
20260114,4,揖西町竹万ダッシ(C3),9,スパイウェア,1.8,0.998032815389046,0.9962511645662776,荒,荒,upset_profile,1.7964590677002827,TRUE,TRUE,110
20260415,5,社町スプリント3歳C1,9,シェナスカイ,1.8,0.9931292384857447,0.9893183442271858,荒,荒,upset_profile,1.7876326292743405,FALSE,FALSE,0
20260318,10,3月22日はばんえい記念賞B2,8,ヨドノタイヨウ,1.8,0.9903233881019023,0.9831324527455644,荒,荒,upset_profile,1.7825820985834242,FALSE,TRUE,130
20260113,3,C3三,9,カフジウヴァ,1.8,0.9834396268920276,0.9697162730973664,荒,荒,upset_profile,1.7701913284056496,TRUE,TRUE,100
20260604,4,奥海ダッシュ3歳C2,4,ララヴァニーユ,1.8,0.9832130580172562,0.9682730132079298,荒,荒,upset_profile,1.7697835044310612,FALSE,TRUE,100
20260423,4,陸ダッシュC3一,9,メイショウオニテ,2,0.856302702787751,0.7140418509132589,荒,堅,upset_profile,1.712605405575502,TRUE,TRUE,130
20260603,4,米地ダッシュC3,6,アレナトーレ,1.8,0.9508957988429556,0.9019152430650834,荒,荒,upset_profile,1.71161243791732,FALSE,TRUE,110
20260113,4,おかげ踊燈籠7ハロンC3二,6,ハギノヴェルドン,2,0.8543334067431596,0.7384660686120825,荒,荒,upset_profile,1.7086668134863192,TRUE,TRUE,160
20260605,7,3歳C1,11,スマートルヴァン,1.7,0.9998391607675916,0.99976833225035,荒,荒,upset_profile,1.6997265733049056,FALSE,TRUE,100
20260402,12,全開で!馬九行久!青馬ひすみ賞B2,3,ナナン,1.7,0.999436852537002,0.9990368838253184,荒,荒,upset_profile,1.6990426493129034,FALSE,TRUE,110
20260422,12,B2,3,ヨドノタイヨウ,1.8,0.9107689765664638,0.8295418951866473,荒,荒,upset_profile,1.6393841578196349,TRUE,TRUE,100
20260527,5,潤和ダッシュC2二,12,ヤマワケ,1.9,0.8541393350406159,0.7104944140032711,荒,荒,upset_profile,1.6228647365771702,FALSE,FALSE,0
20260421,5,木間生スプリントC3,12,スノーデイ,1.6,0.999822445331754,0.9997043662929,荒,荒,upset_profile,1.5997159125308065,TRUE,TRUE,120
20260326,12,菜の花賞C1一,1,エイシンジャスパー,1.6,0.9936554591585468,0.98763296367363,荒,荒,upset_profile,1.589848734653675,TRUE,TRUE,110
20260612,11,大阪発刊45周年記念 日刊ゲンダイ賞A1(A1A2),10,ウォルラス,1.6,0.9896702315281412,0.9829810029023324,荒,荒,upset_profile,1.583472370445026,TRUE,TRUE,110
20260408,9,C1二,9,プレデスティナーレ,1.6,0.9780342531746102,0.9584214959461004,荒,荒,upset_profile,1.5648548050793765,TRUE,TRUE,110
20260428,12,ハナミズキ賞C3一,4,ベイブ,1.5,0.9999983974070856,0.9999975558497144,荒,荒,upset_profile,1.4999975961106284,TRUE,TRUE,120
20260528,3,C3二,11,キーオブハート,1.5,0.9999979735604518,0.9999963277326216,荒,荒,upset_profile,1.4999969603406778,TRUE,TRUE,100
20260415,6,C2一,7,カワキタボーダレス,1.5,0.9999694519415177,0.999950716029942,荒,荒,upset_profile,1.4999541779122765,TRUE,TRUE,110
20260326,5,小印南町7ハロンC1二,8,クライムエンジェル,1.5,0.9999428383073948,0.999899275847822,荒,荒,upset_profile,1.4999142574610922,FALSE,TRUE,120
20260604,5,大垣内7ハロンC1二,11,アズユーライク,1.5,0.9999284978224036,0.99989377973953,荒,荒,upset_profile,1.4998927467336054,TRUE,TRUE,130
20260611,4,弦谷スプリント3歳C2,10,エイシンジコクテン,1.5,0.9966442937968336,0.993424467257402,荒,荒,upset_profile,1.4949664406952503,TRUE,TRUE,110
20260102,9,LOS TRANQUILOS de JA(C2),5,ギャランドゥ,1.6,0.9336276356354778,0.8691403480392939,荒,荒,upset_profile,1.4938042170167645,TRUE,TRUE,110
20260604,9,C1一,1,ヴァラール,1.5,0.995288887679778,0.9924888988072004,荒,荒,upset_profile,1.492933331519667,FALSE,FALSE,0
20260603,10,カサブランカ賞B2,7,エポカリーナ,1.5,0.9943562817884286,0.9890911451783144,荒,荒,upset_profile,1.4915344226826428,FALSE,TRUE,100
20260102,10,楽天競馬で初夢賞B2,12,ワンダーブリング,1.4,0.9999697239382224,0.9999424698940532,荒,荒,upset_profile,1.3999576135135112,TRUE,TRUE,110
20260521,12,C2一,9,スプリガン,1.4,0.9999346367570922,0.999890962075082,荒,荒,upset_profile,1.399908491459929,FALSE,TRUE,110
20260107,5,パカやろう!睦月の蹄音ダッシュC2,4,ゴッドアマベル,1.4,0.9973944157965006,0.994806642063106,荒,荒,upset_profile,1.3963521821151008,TRUE,TRUE,120
20260611,5,仁位7ハロンC2二,7,チョッパスニー,1.4,0.9955092481142486,0.9932645388245273,荒,荒,upset_profile,1.3937129473599479,FALSE,TRUE,130
20260618,5,神影7ハロンC2二,1,ピエナフェリーチェ,1.4,0.9930290692246924,0.986701098609109,荒,荒,upset_profile,1.3902406969145693,FALSE,FALSE,0
20260331,6,C3一,12,ポム,1.3,0.9999774918236732,0.9999562480781348,荒,荒,upset_profile,1.2999707393707753,TRUE,TRUE,100
20260113,1,C3四,5,ピエスダルジャン,1.3,0.9997115091966255,0.9995279803842012,荒,荒,upset_profile,1.2996249619556133,TRUE,TRUE,140
20260430,12,C1,2,サルファー,1.3,0.9995111583297076,0.9990538093922982,荒,荒,upset_profile,1.2993645058286198,FALSE,FALSE,0
20260527,12,B2,1,ベラジオドリーム,1.3,0.9975933508184344,0.9960857161147618,荒,荒,upset_profile,1.2968713560639646,TRUE,TRUE,100
20260416,12,青馬ひすみビクトリーロード賞C1,10,フラッシュケリー,1.2,0.999952155835455,0.999925483172545,荒,荒,upset_profile,1.199942587002546,TRUE,TRUE,110
20260430,5,出水ダッシュC2二,3,ポム,1.2,0.9999348704842124,0.999885403521837,荒,荒,upset_profile,1.1999218445810549,TRUE,TRUE,110
20260618,12,青馬ひすみ☆モヤシか焼肉か杯C2一,7,クラウンハート,1.2,0.999913109181302,0.999872513363036,荒,荒,upset_profile,1.1998957310175624,FALSE,TRUE,110
20260505,11,兵庫優駿重賞,12,ゴッドフェンサー,1.2,0.999885179759486,0.9998095298950992,荒,荒,upset_profile,1.1998622157113832,TRUE,TRUE,100
20260527,9,C1,10,ジーティーエイト,1.2,0.999813651217022,0.9997270272000276,荒,荒,upset_profile,1.1997763814604263,TRUE,TRUE,100
20260612,1,3歳C2,12,サンミゲル,1.2,0.9997496821140464,0.9995725043754692,荒,荒,upset_profile,1.1996996185368556,FALSE,TRUE,100
20260612,9,C2,7,エナドライブ,1.2,0.999364167902022,0.9987421666382532,荒,荒,upset_profile,1.1992370014824263,TRUE,TRUE,100
20260318,5,知っとう? ひょうごの酪農のことC2二,11,アウセンザイター,1.2,0.9986065971539536,0.997275932386122,荒,荒,upset_profile,1.1983279165847442,TRUE,TRUE,120
20260103,1,C3二,3,クインズノヴァ,1.2,0.9847716172182932,0.9723822447685544,荒,荒,upset_profile,1.1817259406619518,TRUE,TRUE,100
20260414,5,波豆スプリントC2,12,ビクトリーブリッジ,1.1,0.99999202326255765,0.9999852381368176,荒,荒,upset_profile,1.0999912255888136,TRUE,TRUE,100
