date,race_no,race_name,pred_umaban,pred_horse,pred_odds,win_prob_top,prob_gap,model_ev,win_hit,place_hit,hypothetical_place_return_yen,place_would_profit,place_payout_yen
20260409,10,B2,3,リリーオブザハート,5.4,0.9463087599235888,0.9022981567795132,5.11006730358738,FALSE,TRUE,0,FALSE,0
20260421,11,穀雨特別A1A2,2,エイシンレジューム,3.8,0.8542282131056926,0.7409892363626991,3.2460672098016317,FALSE,TRUE,160,TRUE,160
20260430,2,C3二,8,ニシノウインド,3.2,0.9909941831744922,0.984586347524776,3.1711813861583753,FALSE,FALSE,0,FALSE,0
20260114,12,ヒナギク賞C1,4,ニシノベニトアイト,3.2,0.9802670435518066,0.9656762586580594,3.1368545393657814,FALSE,FALSE,0,FALSE,0
20260407,6,C2三,5,スマートカナートス,3.2,0.9699291551380338,0.9461380861846594,3.1037732964417084,FALSE,FALSE,0,FALSE,0
20260408,5,黍田町8.5ハロンC3,9,ジュンオーズ,3.6,0.8594670098854545,0.7538131469229739,3.0940812355876366,FALSE,TRUE,140,TRUE,140
20260428,5,倭文高ダッシュC3二,1,ラッピングボックス,3.1,0.9966949110198275,0.994555431577005,3.0897542241614655,TRUE,TRUE,140,TRUE,140
20260317,12,つくし賞C3一,2,テクノエクスプレス,3.1,0.9793989601778952,0.9686466157617356,3.036136776551475,FALSE,FALSE,0,FALSE,0
20260108,9,C2一,9,ルヴァロワール,3.1,0.9723846104289612,0.951821514761546,3.01439229232978,FALSE,TRUE,120,TRUE,120
20260325,4,越水町ダッシュC3一,8,リベリューラ,3.3,0.9114720919573644,0.8609624476153231,3.0078579034593025,FALSE,FALSE,0,FALSE,0
20260423,7,C2一,5,ビカムキング,3.1,0.954857807018122,0.9280823474432884,2.960059201756178,FALSE,TRUE,100,FALSE,100
20260407,1,C3二,7,フロストシティ,3.2,0.9063496235364468,0.8320580571387594,2.90031879531663,FALSE,TRUE,130,TRUE,130
20260331,5,SKNフラッシュ8&DASHーpayマン(C2),9,キクノクライフ,3,0.9495575994418124,0.926207457371866,2.8486727983254374,FALSE,FALSE,0,FALSE,0
20260430,6,C2一,12,エナドライブ,3,0.9455152871735968,0.9056258287849648,2.8365458615207904,FALSE,TRUE,140,TRUE,140
20260318,6,C2一,6,イッツマイビジネス,3.2,0.882193733185422,0.7854038277983959,2.8230199461933507,TRUE,TRUE,200,TRUE,200
20260520,5,貸潮7ハロンC2二,2,テイケイヴィーノ,3.1,0.904385528212627,0.8519793932393371,2.8035951374591437,TRUE,TRUE,120,TRUE,120
20260331,3,C3二,2,ヒャクモノガタリ,3,0.8972552090369451,0.8442466488286944,2.6917656271108354,FALSE,TRUE,120,TRUE,120
20260108,4,猿尾滝ダッシュC3二,1,ミントジュレップ,3.1,0.8614351379309361,0.7771409684946908,2.670448927585902,TRUE,TRUE,130,TRUE,130
20260324,5,ひめたんお誕生日おめでとう賞3歳C1,10,ナムラパピ,2.9,0.88690710958874,0.8184715286712557,2.572030617807346,TRUE,TRUE,140,TRUE,140
20260422,10,3歳C1,11,サンシンメフレール,2.6,0.9874170382915108,0.9762630026953456,2.567284299557928,FALSE,FALSE,0,FALSE,0
20260527,6,C2一,12,フィオリーノ,2.4,0.9734384164300915,0.9481148559459416,2.3362521994322196,TRUE,TRUE,110,TRUE,110
20260325,3,C3二,10,ユウバエ,2.2,0.9890685638517448,0.9782650561475296,2.175950840473839,FALSE,TRUE,110,TRUE,110
20260114,6,C2一,9,アフリカンリリー,2.4,0.8808558132666428,0.801238770907724,2.1140539518399426,FALSE,FALSE,0,FALSE,0
20260520,12,C1,12,ジューンコメット,2.1,0.9968759583080564,0.9948135318046202,2.0934395124469187,TRUE,TRUE,120,TRUE,120
20260520,6,C2一,2,エズヴィラージュ,2.1,0.977517778045388,0.9551934648711632,2.052787333895315,FALSE,FALSE,0,FALSE,0
20260414,12,モクレン賞C1,11,クレスコユウシャ,2.1,0.97636247992686,0.9538932270974714,2.050361207846406,TRUE,TRUE,110,TRUE,110
20260514,11,のじぎく賞重賞,4,ティーズセラフ,2,0.9830765418096564,0.976212483810347,1.9661530836193128,FALSE,TRUE,100,FALSE,100
20260318,4,美味しくて×5 奈良の乳製品でございます(C2),6,トシクン,2.2,0.8722587485489578,0.7848626347858553,1.9189692468077073,FALSE,TRUE,100,FALSE,100
20260414,4,香合新田ダッシュC3,11,ヴェルサイユドール,2,0.9311169373454428,0.8771529906002243,1.8622338746908855,FALSE,FALSE,0,FALSE,0
20260115,1,C3三,11,クリノビックリバゴ,1.8,0.9998924594328492,0.9997914172046796,1.7998064269791285,FALSE,FALSE,0,FALSE,0
20260401,9,C2一,2,カワキタボーダレス,1.8,0.999573055541212,0.9994068532981448,1.7992314999741816,FALSE,FALSE,0,FALSE,0
20260115,5,ネコニスズ☆来場記念2ndC3,10,スマルト,1.8,0.9991597412358016,0.9984452364789808,1.798487534224443,FALSE,TRUE,110,TRUE,110
20260114,4,揖西町竹万ダッシ(C3),9,スパイウェア,1.8,0.9980301336117772,0.996245966635427,1.796454240501199,TRUE,TRUE,110,TRUE,110
20260415,5,社町スプリント3歳C1,9,シェナスカイ,1.8,0.9931576257081032,0.9893622400889476,1.7876837262745857,FALSE,FALSE,0,FALSE,0
20260318,10,3月22日はばんえい記念賞B2,8,ヨドノタイヨウ,1.8,0.9903452352411842,0.98317185043841,1.7826214234341315,FALSE,TRUE,130,TRUE,130
20260113,3,C3三,9,カフジウヴァ,1.8,0.983507402445597,0.9698499275687124,1.7703133244020746,TRUE,TRUE,100,FALSE,100
20260423,4,陸ダッシュC3一,9,メイショウオニテ,2,0.8562489785583989,0.7139357256355441,1.7124979571167978,TRUE,TRUE,130,TRUE,130
20260113,4,おかげ踊燈籠7ハロンC3二,6,ハギノヴェルドン,2,0.8542497856523886,0.7382934527354613,1.7084995713047773,TRUE,TRUE,160,TRUE,160
20260402,12,全開で!馬九行久!青馬ひすみ賞B2,3,ナナン,1.7,0.9994372176106008,0.9990376984215896,1.6990432699380213,FALSE,TRUE,110,TRUE,110
20260422,12,B2,3,ヨドノタイヨウ,1.8,0.9109307376897507,0.8298660346573463,1.6396753278415515,TRUE,TRUE,100,FALSE,100
20260527,5,潤和ダッシュC2二,12,ヤマワケ,1.9,0.8542347967314573,0.7106853522687153,1.6230461137897687,FALSE,FALSE,0,FALSE,0
20260421,5,木間生スプリントC3,12,スノーデイ,1.6,0.99982234820814,0.999704305290652,1.599715757133024,TRUE,TRUE,120,TRUE,120
20260326,12,菜の花賞C1一,1,エイシンジャスパー,1.6,0.99366036004804,0.9876423861116466,1.5898565760768641,TRUE,TRUE,110,TRUE,110
20260408,9,C1二,9,プレデスティナーレ,1.6,0.9779977970315712,0.9583541238786236,1.564796475250514,TRUE,TRUE,110,TRUE,110
20260428,12,ハナミズキ賞C3一,4,ベイブ,1.5,0.9999984124891912,0.9999975732623282,1.499997618733787,TRUE,TRUE,120,TRUE,120
20260528,3,C3二,11,キーオブハート,1.5,0.9999979587665344,0.9999963038637149,1.4999969381498017,TRUE,TRUE,100,FALSE,100
20260415,6,C2一,7,カワキタボーダレス,1.5,0.9999696984712644,0.9999511659784434,1.4999545477068965,TRUE,TRUE,110,TRUE,110
20260326,5,小印南町7ハロンC1二,8,クライムエンジェル,1.5,0.9999424110921248,0.999898461149796,1.4999136166381872,FALSE,TRUE,120,TRUE,120
20260102,9,LOS TRANQUILOS de JA(C2),5,ギャランドゥ,1.6,0.933448586136437,0.8687818506867395,1.4935177378182993,TRUE,TRUE,110,TRUE,110
20260102,10,楽天競馬で初夢賞B2,12,ワンダーブリング,1.4,0.9999697751814616,0.999942571195479,1.399957685254046,TRUE,TRUE,110,TRUE,110
20260521,12,C2一,9,スプリガン,1.4,0.9999343165609668,0.9998901794763912,1.3999080431853534,FALSE,TRUE,110,TRUE,110
20260107,5,パカやろう!睦月の蹄音ダッシュC2,4,ゴッドアマベル,1.4,0.9974030119785195,0.9948238157312648,1.3963642167699273,TRUE,TRUE,120,TRUE,120
20260331,6,C3一,12,ポム,1.3,0.999977598027858,0.999956458152445,1.2999708774362155,TRUE,TRUE,100,FALSE,100
20260113,1,C3四,5,ピエスダルジャン,1.3,0.9997118060034866,0.9995283086963754,1.2996253478045328,TRUE,TRUE,140,TRUE,140
20260430,12,C1,2,サルファー,1.3,0.9995101677926832,0.9990521614854888,1.2993632181304882,FALSE,FALSE,0,FALSE,0
20260527,12,B2,1,ベラジオドリーム,1.3,0.997585791738468,0.99607098778822,1.2968615292600083,TRUE,TRUE,100,FALSE,100
20260416,12,青馬ひすみビクトリーロード賞C1,10,フラッシュケリー,1.2,0.9999522626992564,0.9999258356331068,1.1999427152391076,TRUE,TRUE,110,TRUE,110
20260430,5,出水ダッシュC2二,3,ポム,1.2,0.9999350840013196,0.9998857431075768,1.1999221008015835,TRUE,TRUE,110,TRUE,110
20260505,11,兵庫優駿重賞,12,ゴッドフェンサー,1.2,0.9998857288424858,0.9998106635634662,1.199862874610983,TRUE,TRUE,100,FALSE,100
20260527,9,C1,10,ジーティーエイト,1.2,0.9998131495428452,0.9997263231453616,1.1997757794514141,TRUE,TRUE,100,FALSE,100
20260318,5,知っとう? ひょうごの酪農のことC2二,11,アウセンザイター,1.2,0.9986112335445292,0.9972852106049666,1.198333480253435,TRUE,TRUE,120,TRUE,120
20260103,1,C3二,3,クインズノヴァ,1.2,0.9847673600466514,0.9723704688240964,1.1817208320559818,TRUE,TRUE,100,FALSE,100
20260414,5,波豆スプリントC2,12,ビクトリーブリッジ,1.1,0.9999920920834264,0.9999853540366378,1.0999913012917693,TRUE,TRUE,100,FALSE,100
20260514,12,C1,11,ビクトリーブリッジ,1,0.9999887502756504,0.9999825187662608,0.9999887502756504,TRUE,TRUE,100,FALSE,100
